scene,train,validation,train_probe
10邮寄场景,158,18,4
10邮寄场景取款,9,1,4
10邮寄场景存款,22,2,4
10邮寄场景寄邮件,13,2,4
10邮寄场景汇款,12,1,4
11银行场景,250,28,4
12看病场景,339,38,4
12看病场景挂号,6,1,4
12看病场景睇医生,18,2,4
13天气场景,242,27,4
14时间场景,133,15,4
15旅游场景,303,34,4
16运动场景,285,32,4
17兴趣爱好,208,23,4
18休闲娱乐场景,335,37,4
18休闲娱乐场景唱K,8,1,4
18休闲娱乐场景打麻将,6,1,4
18休闲娱乐场景睇戏,11,1,4
18休闲娱乐场景踢波,7,1,4
19求职场景,246,27,4
19求职场景人才市场揾工,16,2,4
19求职场景朋友介绍揾工,11,1,4
19求职场景白领求职面试,12,1,4
1问候场景,364,39,4
20工作场景,226,25,4
21校园场景,265,30,4
22租房场景,51,6,4
22租房场景睇楼,23,3,4
22租房场景租屋,23,2,4
22租房场景订房,16,2,4
23美容美发,49,5,4
24问路场景,29,3,4
25聚会应酬场景,30,3,4
28常用语场景,10,2,4
2感谢场景,237,26,4
2答谢道歉场景,55,6,4
30请求帮助场景,25,3,4
31交友场景,34,4,4
33家庭生活,27,3,4
34衣着外貌,27,3,4
35性格人品,29,3,4
37节庆婚丧,31,3,4
39个人打算,27,3,4
3做客场景,106,12,4
40建议命令,23,3,4
41婚恋嫁娶,26,3,4
4出行场景,234,26,4
4出行场景坐火车,24,3,4
4出行场景坐飞机,32,4,4
4出行场景搭公交车,11,1,4
4出行场景搭的士,14,2,4
4出行场景问路,21,2,4
5住宿场景,242,27,4
6就餐场景,322,36,4
6就餐场景喝早茶,28,3,4
6就餐场景宴亲朋,27,3,4
6就餐场景订快餐,9,1,4
6就餐场景购物,27,3,3
6就餐场景食宵夜,14,2,3
7购物场景,384,43,3
7购物场景品牌专卖店,20,2,3
7购物场景街市买水果,17,2,3
7购物场景街市买肉,8,1,3
7购物场景街市买菜,12,1,3
8逛街场景,258,29,3
9通讯场景,204,23,3
场景,1,0,1
