experiment_id,epoch,global_step,validation_sentence_accuracy_tol2,validation_cer,validation_loss,recent_train_loss,learning_rate,loss_gap
exp001,1.0,1457,0.7635327635327636,0.11671654553227875,0.30066731572151184,0.2233,1.597293455040227e-05,0.07736731572151184
exp001,2.0,2914,0.8062678062678063,0.10004275331338179,0.2544604241847992,0.0892,5.587295166903785e-06,0.1652604241847992
exp001,3.0,4371,0.8290598290598291,0.09320222317229586,0.25532886385917664,0.0277,1.3854485205200274e-09,0.22762886385917663
exp002,1.0,922,0.7849002849002849,0.14792646430098333,0.2933626174926758,0.2199,1.6146348162452255e-05,0.07346261749267577
exp002,2.0,1844,0.8176638176638177,0.094377939290295,0.24832123517990112,0.0876,5.701996343971959e-06,0.1607212351799011
exp002,3.0,2766,0.8247863247863247,0.09095767421975202,0.250150591135025,0.0262,2.0664861010710748e-09,0.22395059113502502
exp003,1.0,922,0.7863247863247863,0.11896109448482257,0.29031217098236084,0.3402,1.6146348162452255e-05,-0.04988782901763916
exp003,2.0,1844,0.8290598290598291,0.09298845660538692,0.25175854563713074,0.152,5.701996343971959e-06,0.09975854563713074
exp003,3.0,2766,0.8290598290598291,0.09127832407011544,0.2519185245037079,0.0526,2.0664861010710748e-09,0.19931852450370788
exp004,1.0,1457,0.7478632478632479,0.17400598546387344,0.28987982869148254,0.3043,1.597293455040227e-05,-0.014420171308517471
exp004,2.0,2914,0.8176638176638177,0.09683625480974775,0.24874500930309296,0.1127,5.587295166903785e-06,0.13604500930309296
exp004,3.0,4371,0.8333333333333334,0.09459170585720393,0.25057321786880493,0.0452,1.3854485205200274e-09,0.20537321786880494
