variant,epoch,validation_sentence_accuracy_tol2,validation_cer,validation_loss,train_probe_loss
Round 2,1,0.7578347578347578,0.12644292432663531,0.29069626331329346,0.199148029088974
Round 2,2,0.8376068376068376,0.09277469003847798,0.24856899678707123,0.0793689712882042
Round 2,3,0.8390313390313391,0.0910645575032065,0.25014546513557434,0.049273863434791565
Round 5,1,0.8105413105413105,0.10987601539119282,0.27751120924949646,0.04853777587413788
Round 5,2,0.8361823361823362,0.09095767421975202,0.29024797677993774,0.006424592807888985
Round 5,3,0.8447293447293447,0.08646857631466438,0.30158931016921997,0.0009293501498177648
Round 6 fresh Spec,1,0.7792022792022792,0.10998289867464729,0.283016562461853,0.11234726011753082
Round 6 fresh Spec,2,0.8262108262108262,0.1268704574604532,0.28933998942375183,0.02466287836432457
Round 6 fresh Spec,3,0.8190883190883191,0.09918768704574604,0.3173863887786865,0.008614429272711277
Round 6 fresh Spec,4,0.8433048433048433,0.08860624198375375,0.31433752179145813,0.0020259195007383823
Round 6 fresh Spec,5,0.8390313390313391,0.0883924754168448,0.31630611419677734,0.0015896966215223074
Round 6 fresh Spec,6,0.8518518518518519,0.08529286019666524,0.3195972144603729,0.0007108865538612008
Round 6 fresh Spec,7,0.8660968660968661,0.08283454467721249,0.31891292333602905,0.00044612924102693796
Round 6 fresh Spec,8,0.8632478632478633,0.08336896109448483,0.31895196437835693,0.00044082768727093935
Round 6 continue Spec,1,0.8361823361823362,0.08849935870029928,0.2581210136413574,0.023425709456205368
Round 6 continue Spec,2,0.8532763532763533,0.09982898674647285,0.2712712585926056,0.008239195682108402
Round 6 continue Spec,3,0.8532763532763533,0.08368961094484823,0.28441229462623596,0.00325231091119349
Round 6 continue Spec,4,0.8547008547008547,0.08539974348011971,0.2967519462108612,0.001798060373403132
Round 6 continue Spec,5,0.8532763532763533,0.08294142796066695,0.29690924286842346,0.0011280763428658247
Round 6 continue Spec,6,0.8532763532763533,0.08422402736212056,0.301472544670105,0.0008866873104125261
