type,reference,prediction,count
substitution,啦,喇,46
substitution,烫,电,33
substitution,合,入,28
substitution,想,上,25
substitution,咁,噉,19
substitution,明,名,18
substitution,交,胶,17
substitution,色,式,16
substitution,完,员,16
substitution,注,著,15
substitution,琴,寻,15
substitution,穿,着,14
substitution,聚,最,14
substitution,要,好,13
substitution,选,拣,13
substitution,膜,目,13
substitution,㖞,喔,13
substitution,课,货,12
substitution,不,唔,12
substitution,棕,中,12
substitution,道,度,12
substitution,钟,中,12
substitution,约,若,12
substitution,染,验,11
substitution,聚,再,11
substitution,值,直,10
substitution,早,组,10
substitution,巷,项,10
substitution,带,大,9
substitution,膜,莫,9
substitution,试,是,9
substitution,戴,带,9
substitution,习,杂,8
substitution,上,想,8
substitution,法,发,8
substitution,式,色,8
substitution,试,示,8
substitution,留,流,7
substitution,甲,夹,7
substitution,刘,留,7
substitution,修,收,7
substitution,菜,𩠌,7
substitution,攰,累,7
substitution,被,俾,7
substitution,看,睇,6
substitution,交,郊,6
substitution,楼,褛,6
substitution,烫,汤,6
substitution,到,度,6
substitution,哪,边,6
substitution,畀,俾,6
substitution,新,身,6
substitution,约,药,6
substitution,寻,琴,6
substitution,在,喺,5
substitution,注,住,5
substitution,做,仲,5
substitution,美,未,5
substitution,敷,呼,5
substitution,餸,𩠌,5
substitution,㗎,啊,5
substitution,啲,点,5
substitution,伞,遮,5
substitution,拧,拎,5
substitution,寻,昨,5
substitution,背,配,4
substitution,桌,台,4
substitution,习,集,4
substitution,防,房,4
substitution,租,中,4
substitution,押,压,4
substitution,收,修,4
substitution,龙,浓,4
substitution,刘,楼,4
substitution,头,脑,4
substitution,霜,伤,4
substitution,主,煮,4
substitution,邮,游,4
substitution,倾,聊,4
substitution,吃,食,4
substitution,约,又,4
substitution,遮,伞,4
substitution,题,提,3
substitution,折,接,3
substitution,自,字,3
substitution,带,戴,3
substitution,自,织,3
substitution,大,带,3
substitution,默,陌,3
substitution,下,落,3
substitution,来,嚟,3
substitution,迟,持,3
substitution,违,维,3
substitution,违,遗,3
substitution,约,弱,3
substitution,租,约,3
substitution,签,先,3
substitution,楼,流,3
substitution,良,量,3
substitution,燃,延,3
deletion,唔,<del>,18
deletion,可,<del>,14
deletion,呢,<del>,5
deletion,㗎,<del>,4
deletion,a,<del>,3
deletion,我,<del>,3
deletion,子,<del>,3
deletion,带,<del>,2
deletion,你,<del>,2
deletion,松,<del>,2
deletion,喇,<del>,2
deletion,c,<del>,2
deletion,l,<del>,2
deletion,个,<del>,2
deletion,远,<del>,1
deletion,不,<del>,1
deletion,要,<del>,1
deletion,把,<del>,1
deletion,灵,<del>,1
deletion,近,<del>,1
deletion,门,<del>,1
deletion,没,<del>,1
deletion,钥,<del>,1
deletion,t,<del>,1
deletion,行,<del>,1
deletion,座,<del>,1
deletion,过,<del>,1
deletion,大,<del>,1
deletion,家,<del>,1
deletion,聚,<del>,1
deletion,五,<del>,1
deletion,雨,<del>,1
deletion,真,<del>,1
deletion,系,<del>,1
deletion,围,<del>,1
deletion,一,<del>,1
deletion,好,<del>,1
deletion,暖,<del>,1
deletion,旧,<del>,1
deletion,录,<del>,1
deletion,-,<del>,1
deletion,住,<del>,1
deletion,消,<del>,1
deletion,息,<del>,1
deletion,事,<del>,1
deletion,得,<del>,1
deletion,购,<del>,1
deletion,冇,<del>,1
deletion,束,<del>,1
deletion,花,<del>,1
deletion,椅,<del>,1
insertion,<ins>,啊,22
insertion,<ins>,咩,4
insertion,<ins>,着,2
insertion,<ins>,得,2
insertion,<ins>,嘅,2
insertion,<ins>,吗,2
insertion,<ins>,可,1
insertion,<ins>,便,1
insertion,<ins>,水,1
insertion,<ins>,转,1
insertion,<ins>,员,1
insertion,<ins>,大,1
insertion,<ins>,一,1
insertion,<ins>,读,1
insertion,<ins>,好,1
insertion,<ins>,惊,1
insertion,<ins>,度,1
insertion,<ins>,试,1
insertion,<ins>,出,1
insertion,<ins>,听,1
insertion,<ins>,子,1
insertion,<ins>,闸,1
insertion,<ins>,食,1
insertion,<ins>,约,1
insertion,<ins>,面,1
insertion,<ins>,冇,1
insertion,<ins>,相,1
insertion,<ins>,我,1
insertion,<ins>,吖,1
insertion,<ins>,洋,1
