client_id,utterances,hours,seen_in_existing
08922ea003be716ba38f99639a6734fa137e405e03ab474d52304f137cc8260c74bb1164a3d324f97439d5251c46c2fed1e9098edb79a9a3cbdf77c4e7b89fa1,491,0.43847999999999954,False
3c66a28d6497f400a5ea996c035efc1c169f7fa2b64a53ed93ed14e8a06f0a8d59210bcb0e3db63df6b93ec0aab7c2ddc86f6dd896a77cb648b5d3ef8af1d616,468,0.52749,False
b1a12c0c1ec60b2aaf366d0fee8e3a7625b3a3bc5c957aca66cf3287c2333b909d172ea3fca38193fe7d4cd0ba7392711cbe7da53de1c518e80bc9698ec4889b,431,0.4546400000000001,False
3b485c3d471434c731492c7b521190988b5d77c345b789050345fa2219f312d728072edbf06371933ee001df66f022b9d67b1f3e0123fc9454c72093ee74b9d8,370,0.4099900000000002,False
d230b1961389aa498bc63fb74a84a9669b7ca030084beeb533367bc4e37585cc669ea09feeab2d6a7203bb4058dd2ee11ac898e8035fcfe1978e1e86b4a6a8f2,350,0.47733000000000003,False
7d378ea9561b72b45de7692b9014f776ce2c4779c482f0e23d00df1b8056c54c164d1b27af6f6e441f96f01626c33ac9093156510122940acb3de333c07142da,347,0.3133299999999996,True
badbc1454c9286ad95b3046344380deb0f54183664741c48c97f55bfef7da4b11d2227b16c32e6d27a99df0ce500592bc4ba9d6b05dee4dd749d4c1a762684da,292,0.34486,False
0c8fc507ea65959029f91c427f15281afd8d1b1193ad658c3c04c97a58f644836272f0772c42d46f7787f565b984a54fb5f8e46fa75eb350b58b06ff684650a7,284,0.31436,False
a6e7225140b102ad6936ac23944216038ac16e2e88c48b68219e3ccaa68cc240b169b390b35204eac9ddb254f00c3245c4f2181304ffe51d3121ce5958510bbd,273,0.3099299999999998,False
e5b4acaac5e9c73b7d7c16191b633926994e7e033511929af325074d3477fb319c41bb65b6105634fbd4be3d94dd05bf4d6f72580c0675b3ebe7f60a4e6a6c7d,264,0.23650999999999986,False
50b61f9f3c70a39195ad66f3f103b081af9d60fbdf58314a636e75866aa46d0e779455bb15d01ec7921936e2e63f9bc8a39ad76637807fd6496b18f9ee596418,206,0.22763000000000005,False
eee162bdf1af10dad13fa075913351e0769d780e579c9e80e4a82ef50564eb5c50bf85b4104b0c543294285c46b93014f4e5ec7c72210b8efe9d179384879fa1,206,0.20851,False
fcd98da0964b014d43574354c48330229545c61a71dd49ffd20704dda9767afbdc94b5ac5b887faccfb780ee674b36867894f7273c91b7cd519f2b407e38bae3,181,0.22357999999999997,False
8830d3d79a46c12b467aa25c61cb7c067b50ca9433b18eabf3eca4e5e96dfca9e75187e24b320d5d658595fd23f84dd638717f9bda71f25d72b9fc34fa04c6b1,149,0.18790999999999994,False
6b9c572083b2b25d53eaf0397258ff1918d3dfe2e26847e3a1bcfb7cb2eaa54d28fe5c37873aefbd176659f7067a3813f3f8fd4947b2280448e98d58e4a9e845,145,0.15508000000000008,False
d9cceb8b315c49c96d4bdc66d5c62511cf6eecd4439507b568eca9f2ed746602916e93f37c4cfbbe0c308a3b60551c2ea719cd90deb6647ac189be3c927466f0,135,0.15479,False
da29e7ba208fd87e4f7c6db6ccb417d0188b792aa3824685845677e7df1f0e2b71bf29c8599fb2779bd276d83eeebb1ab2883d23f53ccf45ebb498a2e5d3e5cc,133,0.17120000000000002,False
3a4f6d2e3ea2d8474d8817de9f66b52cbceac04317a5d441e7bc978813a757f4f9fc25524a1781cee9f89c200bc7e98a61e01ba8e5320defcb6f7969582deef4,129,0.16746,False
1b573a3a61d980ffea59f8bbb37b27ced537aec0fc67ae340736ba7183fee5e04a9b83b8a0e21b9f0fe3b3c932101726ca6298dd73547771f80cf1f1c8894078,122,0.12854,False
ce5cf1a50136a0c68ea013167e59280c9e32dae8fb1011319950c54c129fe1e3258a6d91bb1fb6fd09f942d09fef93baaca97801462be2cb71f1eaabeea017d0,116,0.15452999999999992,False
ef2549753d6376d8aea81d4634c69c2fca584dc24ef4371cd0888b815f75fe347d3333a752c36cb23f98234173f82388e48ad3cb8a78231735e427f1689d5d4f,107,0.13762,False
3f566093f6955818b7f4e274a69509d3389844602b73f7533765dc65500f29df4b120030cd70172c17950ae20dc0ecb143a7e8b87baa379586918a0f725329a1,103,0.1657,False
d08d49aeba63a96d22cadd7a38a860801c78836f7b478112ec45acdae40425980a4ef4cba18f55b6d33b4088c690be28f68d6487bafa9c80462024185c6b3cd2,84,0.09563999999999999,False
ee809c99ebdf869bd8c751f00eae9831caed639ffd351d22178d9a6be1c889461ea069bd3072ae4bd08021463f845b49d364b6ac877812ec3645e5d42c438105,79,0.09244000000000001,False
b994cad4b593745d8f74e605d7980c4b75093d6ecbca8eecf1bbc2fe32be1995e6064cea3eb40bda5088acd1f0ab7ed8820209dfba1ea4ae97c654431181c117,75,0.10919000000000002,False
6f2952fc6cd9fc3a5a283551e857e704bb5cc8c7548933aeae6d9d8ccfac57498f677365fad12a016424f63a5fe684a812f885add2239eac811743b383087c51,69,0.07571000000000001,False
73d6dbe193d3732f08490faf79345802d14a710333930f86b36db794273c7cfcfaca12099fa2c934417218b390d196943945fdad5edc2e025c16651bfc80abe7,57,0.06269999999999999,False
1641d86bb68d46da6ebc1397f310b4fee06cbcacdc96cdcfa8d3eb20881751ef3dc267b6a75425d6622d0df99572e700ab3d8668467f18bb5fefd22d5dc7ff84,51,0.06365,False
e031a5fb3ee7e4c456efa43f747ec6f2647c22e156e111f59dd3d0f0cf90b76ef76448e1e89fb48e90cb00515e19e516bd05e9e9ff40e8e547f8b841cfffe750,49,0.05109,False
8ae8769d84844c135e7b9a731c45fb69a9bee11fb651e6448723cfd7caf6207d553784a677aa9446f1f769f6b85bddf27ef9081fb22aab7ee883ba68ad5c720c,48,0.05106000000000001,False
eef81ebcae5bd5f644f6f5c351369c3d6ec3f975dee98d625e03b63fc24d40bcbf23d00318c096894880e1668b0e6608a42efc9a23365f49e7350a92633a8323,47,0.05449000000000001,False
f507d8619ebd210fdddb53ce6d3d192c55aacfb7d65c8038629549419afc1d3e683f220bf556a156811b421efb279e07ccd22c72288cbdc11bf5d86556311f2e,46,0.06310000000000002,False
b158b34562b840a847450fdc8485f4402af776b606c216bb525895732a9e1688c40057c5e6196dd830a777bdf8650fec9aef2d87e56ec9de2575811d30ff3028,45,0.04671000000000001,False
08b7eb660ea4bc63ac6e1cbae979bc58be881c387d0afe43529b524e6883e279718289ced539da796c5b0eb619351fe50cb99b7cbcfe8bf4731380a0815fe6f2,43,0.05088999999999999,False
1240a6628af8b93de7a740cd59eb4ff2a95d6a6ae39267b006e23e35833c09bb0477dbdc0f1a32300091d23fb156702350432cd0c2f90a05055c25c68d91bfa1,43,0.04000000000000001,False
b472f8e5800db5f400e4b5858c16d68d205f19888992c65770b5a3852c5bfc0cb94a22890f49ca720dff40b3a1e8d466c2290a3480b916df03ea07322657f0d8,43,0.044149999999999995,True
f205bdf71e9216863333d0a142c83fb0dd337b825a5d7b69da304d94e7dff7029b273a5347b0d35773c34a64a50ef9bb0bc2135d54d409c4e9ee02247aca00f4,43,0.049569999999999996,False
32b47eff428271f6532defba5f05549ba337ad71bc38de0d43b15150403f0d43e6bfd23233e77874691f50101251d4b492ed6c406fdbc342dcdc607b1274e7d4,42,0.04111,False
47fc0a87e8a036544553d82fd9807e461182d89376726796045c452d2a6b6a2dc54cac9e7a767136ad4861421131d6f8ed7179ea371144275add58eb7ef00961,42,0.050710000000000005,False
9d7705892d3fc90a4c1d9d210e6b70323e4246f68f3eb6b4dedbad40209cf829268d949b7b3c0aada2e943ea7ba00f5bf910973932b0d47e4623fd4200ea1856,40,0.05251999999999999,False
5a117a345163c4c4abc8ed6b82dcc6185811d1b999550011b47f56783280e4bc4e2385eb83f80c9991f3869f7bc0433e3e3b66adfd08bc32398074f919262f15,39,0.04347000000000001,False
5d839c497460775336854a0587cfbb443adad6cda9cb8a913df6f43efe5eef0ef70f7846c0920cfeebc3dec01978a5356405742ea82a2a40a0cc84af4c910677,39,0.038660000000000014,False
505c5e50e377e493811ccce98607c8ea75cb58e8baa4421e4e55dff3dcaa3cbea3c91e19e31e7da245ae9521e2c85ac5afd0421f0d7240010592d4f7d01ad516,38,0.04409999999999999,False
45ef067d990f11220c3c1d3d60917866fe388e4bffa560e65a49b57b51d3bd2ecff95ef829798a4c77a13104cf00c45df0352790400a5b5585119288f603b453,38,0.04115,False
4d9327e84550a91af77ddb5b0fc46d3dedd853927bb0a171e302b7ae4fd6024aa79cc169d95d188ea256498fd9081b36baaecbe6d35acabb1b64df6bba97cdb2,37,0.04265,False
203036eb7e30bd381a368c925eee3d6ceb58387bb8259a322c63aee2f5fd218c9fa439180f6717d2f8a7380856a91acd577813bbe47912c7361ceb080754bdf2,36,0.04263,True
54edb224f3628ef71c7fbb28cf868625b184f33c5b789e68c4a0abc4cce91ded479649bb998b28c3c827818fbc80f9903d1b65e74a830dff1744895da2bd8ce9,35,0.028570000000000012,False
cf2a01de1e1cebfc027acc98799c81473e252317667e142ba83003bbec5ab84bc1316974bd1863e30541356300ce3131f9a3ac1b18fb84dc2c783395d4acdba6,35,0.036109999999999996,True
296fc041158296beb6f278aaa5c3a52f4081399ac382c891f7c83e71e003b5cda77d6dbcd52e8013bea1b5797c89192c9c8f5c4282e80912632c65f54ad6ba78,35,0.044879999999999996,False
69da921b6f574158e360d33e83aeb67fd1c89d466869298aa46297aa156b2d9d010818bafb0e3953c675392d241a2a5b2aeb2ac9d38214b198d75dcdb86a7afe,34,0.03779,False
bd75731ca9b320484180fbbaa9f17461a1a651cc1eb409337190ca8523174975e47b669944d5e8dd8b6a83b8289c4f2432c7ea2ab97abcdaedb9413a55831d78,31,0.04206,False
283cc6f1d87185348555cc8253c96da88906cd9b34068c8d7d015460d31723fe2e14b462844b6da9d90be8e383ab15b126637f6867bf7e4e600e97a7decc2535,30,0.02841,False
ddfa7b9fc09f656b9b4de4ee98e801c2a68b2788730691c6ce8d3998532eecf610ce5caccc94bed53a87fb1430a7410a9e2fe573cf74960f3de4f092fa4491d0,29,0.027850000000000003,False
f8245315999348c132e1af18b1d15965aed4d56d1b4fafc1abdc513d324c273e7a10aaa0ec4c5c70f9f685c698e6dd0272f538cee34abc65b12547c95a2156c2,29,0.024780000000000003,False
ce9cd81c04103997edde281ddc2318bf69d13c7992ead45479884a24ef4203cd389cafa9067b3c168e6db81215345d093e15551296d519b5477778b83e92e923,29,0.02747,False
bf5756f6b6d791e315e6c4a585bcfeffdfcc387080f5fe48f04b8227db0f49c81f187dbed9ce590c3ebec14e4cdce8dd3607ed27f88a7f6a4b6269fe5695b4aa,29,0.02596,False
b492cbf9d6bcf51f5f62dffa8410697a675ee4e87c69570f5fa211621d8830d550d9748b5c1620b25b51aef2fa4473654eb53818ef6f440c05e0bf02b6549fe1,29,0.03594,True
c024f4eca03ee5d89adc5a23d4a584d8eb3bcf4e0530fe9d4b8f754c3f76dfab1534195c110d59b3b672ecb4054b15fcc89ab7546e460898c364a6402c20c04a,28,0.03425,False
8b01af938b7313243c83494faf44d3f568e84a9766b96d9893cb2e6463254a75d136d34a94f397fc9776d75c30aa7268d5eacdd7270c2a7a08a9e1e41c76fcc6,28,0.036840000000000005,False
881f02f0d538d3a6ae0e214ce7c4982cde9664548f1df6e6e5573fa1f82a6e009d9c2264782f528006e069699de7f429209c570145ff85621f0ff8758fb0a568,27,0.032220000000000006,False
fa9d540497f64f328b4df3ece7afaa8098d91605b603fc15c269630422dc96284769c00a5dab0e92e76507ebecf03f3795fa3d685aba48768bc8a115b843c415,27,0.02498,False
8f049c5940ddf0ef770b65494569df7413b10dd684369f681775acd91ec926c49a07eda330ebfb414267c547b4b48275915f71a2fc007be5c458d41913198079,26,0.028669999999999994,False
17646eca2b24949bcef5ebb9069de5b3725227f2b5860377cc93f83efde8b9c5a8de82da667e822037f29120b89855997979736c3da785e65206d8d01e53f721,26,0.022340000000000002,True
3dc5628e48c23dc4db9dd4c058d4873346a612f37c948d358c775bfded3ce7af3a5ecf61ac9500b5ae8bd94ddd931e3a37ae2b6d4ce676e29d7e6ddd43494c2c,24,0.022789999999999998,False
c6306cad0f59bdac2472f0a8fad5fec1c8a1f3826e88672259b09ef7196c9edd6a196241c4dc5e2cfa54e9b4bbbdf0c7b86d2bdda7218353e6b0be5fb25d8beb,23,0.026799999999999997,False
3d2215cf1146787f85f91f09e7f9914e3dfa78db00876ad94fddae3815a62db969096ff0620566cd5c499a899ae512dee85bb01cd56e7f1c0c37d428906cad40,22,0.023540000000000002,False
4ac1caf8d9bc2d92dc2e9d7902d4a8e3ea73d9cd4ef517b297fc8cabcea2b4ff792733688772e667531b5cd0721aba2632a9916ac36079d363267079db8c0c67,20,0.033220000000000006,False
6ffad6914fda2df4c2eb63bb6c0eb2530b4ce9899926050121e38f834fc77f9dd432af236c6e241ba9f12387ffdf74b7eeede93bb101fc84865c1876b3cc0033,20,0.024389999999999995,False
dd60c03e1be08e8f17aa44ea8052b683d6701fded5546679811161d40dc1764d79245080778dd71831894475127e0efb9a1bfaff6377c5ca89c79af8562f3e99,19,0.01947,True
7893a7cef7935d4b8d2b9f70f41e1f457a1482435de6fde21f5a59f5ee4b44e831d8cbc67d9877edb5c6065ad8d166bd75ac6905ad6e5f4146a80edc9711076b,19,0.0209,False
6ea6b5e439db1d3e6ad24cbcf088bc171ec4d2ad18eb44808da8827eb3c3bf9f43d3de4d3a7b0a91641a609c066ebf1d2ab57b63af66fed32ee1ae713ac2375a,18,0.019049999999999997,False
c9ca1ce0d30ae10c72cd798759cd9bccba7423248e068973e35955ed73c9892be53153fa0a11163cb36bd99cf521207fb34b96b35faf2055be0e4c65f192258e,18,0.02372,False
89eaded2cc35fec5ccb92ac2dae9cd5a96862ea017473da7f97167bee171034a093da0e699bb80369e80329a0e7bd6cfeba53ba6995fde79d0413551ed132d48,16,0.013640000000000003,False
cd3e740f4ec29044a88b92d330130b0dcd80f057fbec333d020d36e29a1a3c90a5e3cdad15b6ef28b8559435bb3b256a5c26f7b433dd5807caf2bccaf80c50bf,16,0.023710000000000002,False
27239ee6e4c76fdf3fe7b1cce0b19850d7b0606343acb035198ae589de9bd986ef94afdfc128a2e66cca93a39dfe5022be16bf55c2b90993d313ad4213d0c6e5,16,0.01981,False
8d0b795c13780ae7cb9f6e79d4bccfa701fa65b3e58e1c865d387d8ff84554797ed7612f51af49f19f5670ad6508afc47e4eb2ecc2a992bc8842f12858e47caf,15,0.01216,True
16a332e891e86030aa9d08ab032fe026c4d4857b64902c386f3ede705373ecf9206f58d712a91a07a63dcbd14f133ab48571bfeb88927995224b299916af8fa5,15,0.02155,False
5307ad68864ed4121ced741f522d3f4c6cc35fd07427d96e1cacca32dac042ab12c425b28a6feddaec205c4d0c5f465412e9722fa97aa75b4d7662b5e718b10b,14,0.017,False
4aedf8f23d87fd4e01f802697d37854da671e5c7739bc0755c73cc5293bfb33297a36c6fc50fd8170b4daaf3208114aa4eb48b652ac7c020212b17c346977aba,14,0.014070000000000001,False
3cf3510ca39436acfcc06a5e345605d219f949a3dc1687099d83a22d0f2a7500ad261fcf0ad64adf5c73421cb0c1018ab3a9c077159d15fd84580ed5a4321a60,14,0.014610000000000001,False
5fb02ed517b56c7c1fd2d43ecfabe7f345588e9c463f104b5e79e59cc09883794c94a3584bd0828f5a2627ab08a1a1cc511e698a11d35ec54d54e79ea39964b2,14,0.014070000000000003,True
64706927d3363f6e2108f10660e2d0f025b84bcbac05f9ac6e73b61d17e59ce5fa6bab6d584568c1f66c5f1685b47b449ccf212f24a055742c28a069dde3344c,14,0.012620000000000001,True
77d90f3d65bc3977a3ba4b66408711ad3e4d1144b8a0ea0c283ae598a64a085ef75c1874f17d5ffd00e491a6562b5fd518d4d9046088cbc4e2182415a7be5800,13,0.01444,False
1a178c86c1596783be48a7396e89019ef1db095cde77b4270034427af3dad6fe2d379b9cc204daa589f710b1ba2fc76245fd9c2bc6f5b02ecb4d67ee50904304,12,0.012910000000000001,False
2d74c8d93952c69d2323a3a05c2e3ca5e4fea1abb450982e6cff03763a58fe36b3ff47f9bfec67f35eb7063f74af193bf5a06cae6c53ed996945655aad35d4be,12,0.01087,False
2a6ff8f31af07cd33b8a515f8661cdfe382287b7fcf534025b36b0a2d30587486b04134550fc28f89e9c6b892e3abe4ba605ba4109d87cd2242878394045d542,9,0.01625,False
3ac1a284a10119bbd9f81ab2c64ee3062bd021b9cc8a5ae4d11f9ba2ab54e97e3e7f6fdec74175b596301044897dcc23e2d888677df19d2cc9bb71a34b52c473,9,0.01049,True
263b89e196da5c5e5084894a23d9a5705fbc8333c8d58b0a2d9720e46ae315461d2b6b1950cf952e15e794ded8ff3850c42706ff72a53b1c4f6cd9c01ca80a55,9,0.00872,False
e27f2b6bd7cdb9f3afb82e86715ef6c5e19e0278959e704e04819b74cad1da55fd4ad09b95d0b9e0a1fb9ca5d081ea6b791098514fed6d2d67d8968705c019d5,9,0.009430000000000003,False
01a2c53083b073d9d91b7def46d1db81c16ae2e71fc82edfa6b61dcca03949fde265b5a4e9bd106a453a335a72a37c09e1366ad508afb355a25292fe41c90279,8,0.007559999999999999,False
11659f89bf4a8cc75721a9e37c19d0d81ccf2f20a57578993b78779b9d1def15b1eb4c34c66c45bcb03e4695085352ab3fedc3e913bab68d742989d5726e8caa,6,0.007679999999999999,False
7e009cfbb021a11d1fad54834036ca99066662dd0e933a44308600905bd49172d87f1e90eed6b3cea4366c4ae1bfc204403b931e10952b8b610b43fe6d12dda0,5,0.0051600000000000005,False
a02045ea5b6b44b18f00a371eabb6efb64b00207069ecb374db61b89365058561e724571b003fd14772b425814d1de60eaf3e228e2ae391d35e91d716c6b776b,4,0.00402,False
f856712ce9787d46e7e1842560b3207682bef7053c8a748ec46d9d0c4878c5c9aa7c4658cfc07cc0b77a2fda18ae34a3d0195303c450949776e00be17ae01a09,3,0.0027099999999999997,False
beace84da6f2e0901ddd7137b2e8ffa9686b845a6bc86a848b99e5dc7f34486c5b1cb658c39c7b9b4a9c2179c3dc644edde3602e2da74b6ccbc656eed574acb9,3,0.0033099999999999996,True
0418ae158d22c6621e04f55138314c2b87c561c3e4fd99dac67632063fb0cf0efa66c26a8cc753b2483861d31530cc9799746c05841dcea5dc34b81e53517aa1,2,0.00234,False
f6f2c3f97e4368b3523a1f0f113bfed0c3fcc43a727b17a7de0ad9df6e2522be92319a63211e53e639beb14f8789d2a99a83ee12a50220f0ff818ac5523f735e,1,0.0012799999999999999,False
08e6fb30713a900d67ebd66baa95575d94eea0ef39036069be4b9f814c315a1cb059cd250982a1ed7d70b15bc089f8ea85fdf64ede4641b522b75226a24d9293,1,0.0009299999999999999,False
71749240d14a2774e9a51ac5b3b7466f69d102907ffd19daf966891b470c362893311a015991cb6965959c4fee53a4c16975bc4e8bc733776fc24bf868624b7c,1,0.00115,False
